<?xml version="1.0" encoding="UTF-8"?>
<Template>
	<Name>yWriter</Name>
	<Types>
		<Type>
			<GUID>842CC572-8CB3-4A7F-ACBC-355E44EFFEDE</GUID>
			<Name>Character</Name>
			<Icon>person</Icon>
			<Color>iconRed</Color>
			<Persistent>0</Persistent>
			<SortOrder>0</SortOrder>
			<Roles>
				<Role>
					<GUID>3A8D452D-449B-4953-B3D9-DE137EA50980</GUID>
					<Name>Participant</Name>
					<Icon>circle text</Icon>
					<MandatoryForEvent>0</MandatoryForEvent>
					<MandatoryForEntity>0</MandatoryForEntity>
					<AllowsMultipleForEvent>1</AllowsMultipleForEvent>
					<AllowsMultipleForEntity>1</AllowsMultipleForEntity>
					<AllowsPercentAllocated>0</AllowsPercentAllocated>
					<SortOrder>0</SortOrder>
				</Role>
			</Roles>
		</Type>
		<Type>
			<GUID>893DC08B-3528-4115-975B-7EDF4219CEDE</GUID>
			<Name>Arc</Name>
			<Icon>book</Icon>
			<Color>iconYellow</Color>
			<Persistent>1</Persistent>
			<SortOrder>3</SortOrder>
			<Roles>
				<Role>
					<GUID>853E37D3-5432-4A15-A780-53BF70C13315</GUID>
					<Name>Arc</Name>
					<Icon>circle text</Icon>
					<MandatoryForEvent>0</MandatoryForEvent>
					<MandatoryForEntity>0</MandatoryForEntity>
					<AllowsMultipleForEvent>1</AllowsMultipleForEvent>
					<AllowsMultipleForEntity>1</AllowsMultipleForEntity>
					<AllowsPercentAllocated>0</AllowsPercentAllocated>
					<SortOrder>0</SortOrder>
				</Role>
			</Roles>
		</Type>
		<Type>
			<GUID>A7BCEBE2-3596-41D1-B979-776F9D3DFF82</GUID>
			<Name>Item</Name>
			<Icon>cube</Icon>
			<Color>iconPurple</Color>
			<Persistent>1</Persistent>
			<SortOrder>2</SortOrder>
			<Roles>
				<Role>
					<GUID>1DE3C865-1AB8-49C0-80D6-3EB9E65AE243</GUID>
					<Name>Item</Name>
					<Icon>circle text</Icon>
					<MandatoryForEvent>0</MandatoryForEvent>
					<MandatoryForEntity>0</MandatoryForEntity>
					<AllowsMultipleForEvent>1</AllowsMultipleForEvent>
					<AllowsMultipleForEntity>1</AllowsMultipleForEntity>
					<AllowsPercentAllocated>0</AllowsPercentAllocated>
					<SortOrder>0</SortOrder>
				</Role>
			</Roles>
		</Type>
		<Type>
			<GUID>E06C8A4D-144C-4D26-8C18-D880FD811AEC</GUID>
			<Name>Location</Name>
			<Icon>map</Icon>
			<Color>iconOrange</Color>
			<Persistent>1</Persistent>
			<SortOrder>1</SortOrder>
			<Roles>
				<Role>
					<GUID>520B1FF5-1AD5-4570-97D5-32E7860EA19E</GUID>
					<Name>Location</Name>
					<Icon>circle text</Icon>
					<MandatoryForEvent>0</MandatoryForEvent>
					<MandatoryForEntity>0</MandatoryForEntity>
					<AllowsMultipleForEvent>1</AllowsMultipleForEvent>
					<AllowsMultipleForEntity>1</AllowsMultipleForEntity>
					<AllowsPercentAllocated>0</AllowsPercentAllocated>
					<SortOrder>0</SortOrder>
				</Role>
			</Roles>
		</Type>
	</Types>
	<Colors>
		<Color>
			<GUID>22B5FFE4-F9C1-4617-A1E0-F4A5C71616BC</GUID>
			<Name>Pink</Name>
			<SwatchColor>darkPink</SwatchColor>
			<SortOrder>6</SortOrder>
		</Color>
		<Color>
			<GUID>43972A36-96CC-4F1B-B660-9D6D98DE4E4A</GUID>
			<Name>Yellow</Name>
			<SwatchColor>yellow</SwatchColor>
			<SortOrder>2</SortOrder>
		</Color>
		<Color>
			<GUID>9CE78FC2-BEA0-4C20-B7FF-15CCD945C938</GUID>
			<Name>Orange</Name>
			<SwatchColor>orange</SwatchColor>
			<SortOrder>1</SortOrder>
		</Color>
		<Color>
			<GUID>B2CA0460-D074-48B3-8FE6-FAF74DE8B99D</GUID>
			<Name>Green</Name>
			<SwatchColor>apple</SwatchColor>
			<SortOrder>3</SortOrder>
		</Color>
		<Color>
			<GUID>BADCD81F-33EC-458D-BFCB-AD95DA7B3C1C</GUID>
			<Name>Blue</Name>
			<SwatchColor>midBlue</SwatchColor>
			<SortOrder>4</SortOrder>
		</Color>
		<Color>
			<GUID>C5BD8456-D528-44C5-9261-A74103622A0C</GUID>
			<Name>Purple</Name>
			<SwatchColor>lightPurple</SwatchColor>
			<SortOrder>5</SortOrder>
		</Color>
		<Color>
			<GUID>D240A936-0A32-481E-AC00-95D04DAEEE7B</GUID>
			<Name>Fuschia</Name>
			<SwatchColor>fuschia</SwatchColor>
			<SortOrder>7</SortOrder>
		</Color>
		<Color>
			<GUID>ED10E811-9D15-4ED5-93D6-B8B8FDF494DA</GUID>
			<Name>Red</Name>
			<SwatchColor>red</SwatchColor>
			<SortOrder>0</SortOrder>
		</Color>
	</Colors>
	<Properties>
		<Property>
			<GUID>7ECE77E2-1F6D-4C42-A74B-EC1569145B8F</GUID>
			<Name>Description</Name>
			<Icon>tag</Icon>
			<Type>multitext</Type>
			<SortOrder>1</SortOrder>
			<CalculateFromChildren>0</CalculateFromChildren>
			<CalculationMode>default</CalculationMode>
			<UseForFadingEvents>0</UseForFadingEvents>
			<IsMandatory>0</IsMandatory>
		</Property>
		<Property>
			<GUID>BC28654E-8733-44F0-A47B-D1793E4CE70C</GUID>
			<Name>Notes</Name>
			<Icon>tag</Icon>
			<Type>multitext</Type>
			<SortOrder>0</SortOrder>
			<CalculateFromChildren>0</CalculateFromChildren>
			<CalculationMode></CalculationMode>
			<UseForFadingEvents>0</UseForFadingEvents>
			<IsMandatory>0</IsMandatory>
		</Property>
	</Properties>
	<RangeProperties>
		<RangeProperty>
			<GUID>5D7B9FF4-2267-4BA9-BC40-F55DC7BAE1BC</GUID>
			<Name>Date</Name>
			<Type>date</Type>
			<MinUnitScale>hour</MinUnitScale>
			<MaxUnitScale>century</MaxUnitScale>
			<DefaultUnitScale>century</DefaultUnitScale>
			<Calendar>
				<Name>BC-AD Calendar</Name>
				<Notes></Notes>
				<WeekdayIndexAtZero>1</WeekdayIndexAtZero>
				<HoursInDay>24</HoursInDay>
				<ZeroDateTimestamp>345600</ZeroDateTimestamp>
				<DisplayType>Absolute</DisplayType>
				<Eras>
					<Era>
						<Name>BC</Name>
						<ShortName>BC</ShortName>
						<Index>0</Index>
						<Duration>9007199254740992</Duration>
						<IsBackwards>1</IsBackwards>
						<HasLeapYears>0</HasLeapYears>
					</Era>
					<Era>
						<Name>AD</Name>
						<ShortName>AD</ShortName>
						<Index>1</Index>
						<Duration>9007199254740992</Duration>
						<IsBackwards>0</IsBackwards>
						<HasLeapYears>1</HasLeapYears>
					</Era>
				</Eras>
				<Months>
					<Month>
						<Name>January</Name>
						<ShortName>Jan</ShortName>
						<Index>0</Index>
						<DurationInNormalYear>31</DurationInNormalYear>
						<DurationInLeapYear>31</DurationInLeapYear>
					</Month>
					<Month>
						<Name>February</Name>
						<ShortName>Feb</ShortName>
						<Index>1</Index>
						<DurationInNormalYear>28</DurationInNormalYear>
						<DurationInLeapYear>29</DurationInLeapYear>
					</Month>
					<Month>
						<Name>March</Name>
						<ShortName>Mar</ShortName>
						<Index>2</Index>
						<DurationInNormalYear>31</DurationInNormalYear>
						<DurationInLeapYear>31</DurationInLeapYear>
					</Month>
					<Month>
						<Name>April</Name>
						<ShortName>Apr</ShortName>
						<Index>3</Index>
						<DurationInNormalYear>30</DurationInNormalYear>
						<DurationInLeapYear>30</DurationInLeapYear>
					</Month>
					<Month>
						<Name>May</Name>
						<ShortName>May</ShortName>
						<Index>4</Index>
						<DurationInNormalYear>31</DurationInNormalYear>
						<DurationInLeapYear>31</DurationInLeapYear>
					</Month>
					<Month>
						<Name>June</Name>
						<ShortName>Jun</ShortName>
						<Index>5</Index>
						<DurationInNormalYear>30</DurationInNormalYear>
						<DurationInLeapYear>30</DurationInLeapYear>
					</Month>
					<Month>
						<Name>July</Name>
						<ShortName>Jul</ShortName>
						<Index>6</Index>
						<DurationInNormalYear>31</DurationInNormalYear>
						<DurationInLeapYear>31</DurationInLeapYear>
					</Month>
					<Month>
						<Name>August</Name>
						<ShortName>Aug</ShortName>
						<Index>7</Index>
						<DurationInNormalYear>31</DurationInNormalYear>
						<DurationInLeapYear>31</DurationInLeapYear>
					</Month>
					<Month>
						<Name>September</Name>
						<ShortName>Sep</ShortName>
						<Index>8</Index>
						<DurationInNormalYear>30</DurationInNormalYear>
						<DurationInLeapYear>30</DurationInLeapYear>
					</Month>
					<Month>
						<Name>October</Name>
						<ShortName>Oct</ShortName>
						<Index>9</Index>
						<DurationInNormalYear>31</DurationInNormalYear>
						<DurationInLeapYear>31</DurationInLeapYear>
					</Month>
					<Month>
						<Name>November</Name>
						<ShortName>Nov</ShortName>
						<Index>10</Index>
						<DurationInNormalYear>30</DurationInNormalYear>
						<DurationInLeapYear>30</DurationInLeapYear>
					</Month>
					<Month>
						<Name>December</Name>
						<ShortName>Dec</ShortName>
						<Index>11</Index>
						<DurationInNormalYear>31</DurationInNormalYear>
						<DurationInLeapYear>31</DurationInLeapYear>
					</Month>
				</Months>
				<Weekdays>
					<Weekday>
						<Name>Sunday</Name>
						<ShortName>Sun</ShortName>
						<Index>0</Index>
					</Weekday>
					<Weekday>
						<Name>Monday</Name>
						<ShortName>Mon</ShortName>
						<Index>1</Index>
					</Weekday>
					<Weekday>
						<Name>Tuesday</Name>
						<ShortName>Tue</ShortName>
						<Index>2</Index>
					</Weekday>
					<Weekday>
						<Name>Wednesday</Name>
						<ShortName>Wed</ShortName>
						<Index>3</Index>
					</Weekday>
					<Weekday>
						<Name>Thursday</Name>
						<ShortName>Thu</ShortName>
						<Index>4</Index>
					</Weekday>
					<Weekday>
						<Name>Friday</Name>
						<ShortName>Fri</ShortName>
						<Index>5</Index>
					</Weekday>
					<Weekday>
						<Name>Saturday</Name>
						<ShortName>Sat</ShortName>
						<Index>6</Index>
					</Weekday>
				</Weekdays>
				<DateFormat>medium</DateFormat>
				<TimeFormat>24</TimeFormat>
				<DateFormatIncludeDayName>24</DateFormatIncludeDayName>
			</Calendar>
			<IsMandatory>0</IsMandatory>
			<SortOrder>0</SortOrder>
		</RangeProperty>
	</RangeProperties>
	<DefaultLayout>
		<LeftColumn><Array><ArrayItem type="string">Viewpoint</ArrayItem><ArrayItem type="string">Location</ArrayItem><ArrayItem type="string">Tags</ArrayItem></Array></LeftColumn>
		<RightColumn><Array><ArrayItem type="string">Participant</ArrayItem><ArrayItem type="string">Item</ArrayItem><ArrayItem type="string">Scene</ArrayItem></Array></RightColumn>
	</DefaultLayout>
</Template>
