<?xml version="1.0" encoding="UTF-8"?>
<Template>
	<Name>yWriter</Name>
	<Types>
		<Type>
			<GUID>02096942-CB21-4DA7-80E0-FE521300E070</GUID>
			<Name>Location</Name>
			<Icon>map</Icon>
			<Color>iconOrange</Color>
			<Persistent>1</Persistent>
			<SortOrder>1</SortOrder>
			<Roles>
				<Role>
					<GUID>D08DB820-9995-4655-B7C8-D60AA3C415C3</GUID>
					<Name>Location</Name>
					<Icon>circle text</Icon>
					<MandatoryForEvent>0</MandatoryForEvent>
					<MandatoryForEntity>0</MandatoryForEntity>
					<AllowsMultipleForEvent>1</AllowsMultipleForEvent>
					<AllowsMultipleForEntity>1</AllowsMultipleForEntity>
					<AllowsPercentAllocated>0</AllowsPercentAllocated>
					<SortOrder>0</SortOrder>
				</Role>
			</Roles>
		</Type>
		<Type>
			<GUID>0C4F6E67-9075-4C14-80D5-34284007C2E5</GUID>
			<Name>Character</Name>
			<Icon>person</Icon>
			<Color>iconRed</Color>
			<Persistent>0</Persistent>
			<SortOrder>0</SortOrder>
			<Roles>
				<Role>
					<GUID>D80A3B3E-C250-47D0-95A7-D23A75F2239E</GUID>
					<Name>Viewpoint</Name>
					<Icon>circle text</Icon>
					<MandatoryForEvent>0</MandatoryForEvent>
					<MandatoryForEntity>0</MandatoryForEntity>
					<AllowsMultipleForEvent>0</AllowsMultipleForEvent>
					<AllowsMultipleForEntity>1</AllowsMultipleForEntity>
					<AllowsPercentAllocated>0</AllowsPercentAllocated>
					<SortOrder>1</SortOrder>
				</Role>
				<Role>
					<GUID>DF08DD1A-783A-4FAE-A00B-7B65257A4B0D</GUID>
					<Name>Participant</Name>
					<Icon>circle text</Icon>
					<MandatoryForEvent>0</MandatoryForEvent>
					<MandatoryForEntity>0</MandatoryForEntity>
					<AllowsMultipleForEvent>1</AllowsMultipleForEvent>
					<AllowsMultipleForEntity>1</AllowsMultipleForEntity>
					<AllowsPercentAllocated>0</AllowsPercentAllocated>
					<SortOrder>0</SortOrder>
				</Role>
			</Roles>
		</Type>
		<Type>
			<GUID>F29E1452-CC63-420D-8DD5-C19E2406E01E</GUID>
			<Name>Arc</Name>
			<Icon>book</Icon>
			<Color>iconYellow</Color>
			<Persistent>1</Persistent>
			<SortOrder>3</SortOrder>
			<Roles>
				<Role>
					<GUID>5169F7F5-84E0-47E5-B394-B09D3B36CEC0</GUID>
					<Name>Arc</Name>
					<Icon>circle text</Icon>
					<MandatoryForEvent>0</MandatoryForEvent>
					<MandatoryForEntity>0</MandatoryForEntity>
					<AllowsMultipleForEvent>0</AllowsMultipleForEvent>
					<AllowsMultipleForEntity>1</AllowsMultipleForEntity>
					<AllowsPercentAllocated>0</AllowsPercentAllocated>
					<SortOrder>0</SortOrder>
				</Role>
			</Roles>
		</Type>
		<Type>
			<GUID>FA20A682-F1BF-47B1-ACDA-0E344D4104F3</GUID>
			<Name>Item</Name>
			<Icon>star</Icon>
			<Color>iconRed</Color>
			<Persistent>1</Persistent>
			<SortOrder>2</SortOrder>
			<Roles>
				<Role>
					<GUID>C7085A4A-9151-472B-B877-D4A1D467A5E3</GUID>
					<Name>Item</Name>
					<Icon>square filled</Icon>
					<MandatoryForEvent>0</MandatoryForEvent>
					<MandatoryForEntity>0</MandatoryForEntity>
					<AllowsMultipleForEvent>1</AllowsMultipleForEvent>
					<AllowsMultipleForEntity>1</AllowsMultipleForEntity>
					<AllowsPercentAllocated>0</AllowsPercentAllocated>
					<SortOrder>0</SortOrder>
				</Role>
			</Roles>
		</Type>
	</Types>
	<Colors>
		<Color>
			<GUID>436884A4-4C45-41F5-B2E5-2F9580C1578D</GUID>
			<Name>Orange</Name>
			<SwatchColor>orange</SwatchColor>
			<SortOrder>1</SortOrder>
		</Color>
		<Color>
			<GUID>471ADA32-1D29-4341-88EE-ADEC31927DF1</GUID>
			<Name>Yellow</Name>
			<SwatchColor>yellow</SwatchColor>
			<SortOrder>2</SortOrder>
		</Color>
		<Color>
			<GUID>474ADD4D-CF4F-4E7E-AE7E-E9EB01460F92</GUID>
			<Name>Fuschia</Name>
			<SwatchColor>fuschia</SwatchColor>
			<SortOrder>7</SortOrder>
		</Color>
		<Color>
			<GUID>48D67A07-E036-4F16-8586-C93FCE7A07FF</GUID>
			<Name>Red</Name>
			<SwatchColor>red</SwatchColor>
			<SortOrder>0</SortOrder>
		</Color>
		<Color>
			<GUID>5CB21139-C963-44E3-8D7E-4D71330FD3A5</GUID>
			<Name>Purple</Name>
			<SwatchColor>lightPurple</SwatchColor>
			<SortOrder>5</SortOrder>
		</Color>
		<Color>
			<GUID>64118CBF-330A-4B2A-9C04-FAEE7D1A6FDF</GUID>
			<Name>Green</Name>
			<SwatchColor>apple</SwatchColor>
			<SortOrder>3</SortOrder>
		</Color>
		<Color>
			<GUID>B27EB626-6FC3-4FBE-89E6-506F1ED851E2</GUID>
			<Name>Pink</Name>
			<SwatchColor>darkPink</SwatchColor>
			<SortOrder>6</SortOrder>
		</Color>
		<Color>
			<GUID>FAA7F5D9-63CE-45C6-A7EF-F6F3596F2AE3</GUID>
			<Name>Blue</Name>
			<SwatchColor>midBlue</SwatchColor>
			<SortOrder>4</SortOrder>
		</Color>
	</Colors>
	<Properties>
		<Property>
			<GUID>283C2F91-0DE1-4F7C-BCD0-A26FD8E739C8</GUID>
			<Name>Notes</Name>
			<Icon>tag</Icon>
			<Type>multitext</Type>
			<SortOrder>2</SortOrder>
			<CalculateFromChildren>0</CalculateFromChildren>
			<CalculationMode></CalculationMode>
			<UseForFadingEvents>0</UseForFadingEvents>
			<IsMandatory>0</IsMandatory>
		</Property>
		<Property>
			<GUID>7D689554-DC77-4781-9122-78CFABC810AC</GUID>
			<Name>Description</Name>
			<Icon>tag</Icon>
			<Type>multitext</Type>
			<SortOrder>1</SortOrder>
			<CalculateFromChildren>0</CalculateFromChildren>
			<CalculationMode>default</CalculationMode>
			<UseForFadingEvents>0</UseForFadingEvents>
			<IsMandatory>0</IsMandatory>
		</Property>
		<Property>
			<GUID>E7B7C2B7-1A92-4522-98D0-73C734F5F919</GUID>
			<Name>Scene</Name>
			<Icon>flag</Icon>
			<Type>boolean</Type>
			<SortOrder>0</SortOrder>
			<CalculateFromChildren>0</CalculateFromChildren>
			<CalculationMode>all</CalculationMode>
			<UseForFadingEvents>0</UseForFadingEvents>
			<IsMandatory>0</IsMandatory>
		</Property>
	</Properties>
	<RangeProperties>
		<RangeProperty>
			<GUID>C8BDDA88-717F-486E-93F4-2AFB63FB36AE</GUID>
			<Name>Date</Name>
			<Type>date</Type>
			<MinUnitScale>day</MinUnitScale>
			<MaxUnitScale>century</MaxUnitScale>
			<DefaultUnitScale>century</DefaultUnitScale>
			<Calendar>
				<Name>BC-AD Calendar</Name>
				<Notes></Notes>
				<WeekdayIndexAtZero>1</WeekdayIndexAtZero>
				<HoursInDay>24</HoursInDay>
				<ZeroDateTimestamp>345600</ZeroDateTimestamp>
				<DisplayType>Absolute</DisplayType>
				<Eras>
					<Era>
						<Name>BC</Name>
						<ShortName>BC</ShortName>
						<Index>0</Index>
						<Duration>9007199254740992</Duration>
						<IsBackwards>1</IsBackwards>
						<HasLeapYears>0</HasLeapYears>
					</Era>
					<Era>
						<Name>AD</Name>
						<ShortName>AD</ShortName>
						<Index>1</Index>
						<Duration>9007199254740992</Duration>
						<IsBackwards>0</IsBackwards>
						<HasLeapYears>1</HasLeapYears>
					</Era>
				</Eras>
				<Months>
					<Month>
						<Name>January</Name>
						<ShortName>Jan</ShortName>
						<Index>0</Index>
						<DurationInNormalYear>31</DurationInNormalYear>
						<DurationInLeapYear>31</DurationInLeapYear>
					</Month>
					<Month>
						<Name>February</Name>
						<ShortName>Feb</ShortName>
						<Index>1</Index>
						<DurationInNormalYear>28</DurationInNormalYear>
						<DurationInLeapYear>29</DurationInLeapYear>
					</Month>
					<Month>
						<Name>March</Name>
						<ShortName>Mar</ShortName>
						<Index>2</Index>
						<DurationInNormalYear>31</DurationInNormalYear>
						<DurationInLeapYear>31</DurationInLeapYear>
					</Month>
					<Month>
						<Name>April</Name>
						<ShortName>Apr</ShortName>
						<Index>3</Index>
						<DurationInNormalYear>30</DurationInNormalYear>
						<DurationInLeapYear>30</DurationInLeapYear>
					</Month>
					<Month>
						<Name>May</Name>
						<ShortName>May</ShortName>
						<Index>4</Index>
						<DurationInNormalYear>31</DurationInNormalYear>
						<DurationInLeapYear>31</DurationInLeapYear>
					</Month>
					<Month>
						<Name>June</Name>
						<ShortName>Jun</ShortName>
						<Index>5</Index>
						<DurationInNormalYear>30</DurationInNormalYear>
						<DurationInLeapYear>30</DurationInLeapYear>
					</Month>
					<Month>
						<Name>July</Name>
						<ShortName>Jul</ShortName>
						<Index>6</Index>
						<DurationInNormalYear>31</DurationInNormalYear>
						<DurationInLeapYear>31</DurationInLeapYear>
					</Month>
					<Month>
						<Name>August</Name>
						<ShortName>Aug</ShortName>
						<Index>7</Index>
						<DurationInNormalYear>31</DurationInNormalYear>
						<DurationInLeapYear>31</DurationInLeapYear>
					</Month>
					<Month>
						<Name>September</Name>
						<ShortName>Sep</ShortName>
						<Index>8</Index>
						<DurationInNormalYear>30</DurationInNormalYear>
						<DurationInLeapYear>30</DurationInLeapYear>
					</Month>
					<Month>
						<Name>October</Name>
						<ShortName>Oct</ShortName>
						<Index>9</Index>
						<DurationInNormalYear>31</DurationInNormalYear>
						<DurationInLeapYear>31</DurationInLeapYear>
					</Month>
					<Month>
						<Name>November</Name>
						<ShortName>Nov</ShortName>
						<Index>10</Index>
						<DurationInNormalYear>30</DurationInNormalYear>
						<DurationInLeapYear>30</DurationInLeapYear>
					</Month>
					<Month>
						<Name>December</Name>
						<ShortName>Dec</ShortName>
						<Index>11</Index>
						<DurationInNormalYear>31</DurationInNormalYear>
						<DurationInLeapYear>31</DurationInLeapYear>
					</Month>
				</Months>
				<Weekdays>
					<Weekday>
						<Name>Sunday</Name>
						<ShortName>Sun</ShortName>
						<Index>0</Index>
					</Weekday>
					<Weekday>
						<Name>Monday</Name>
						<ShortName>Mon</ShortName>
						<Index>1</Index>
					</Weekday>
					<Weekday>
						<Name>Tuesday</Name>
						<ShortName>Tue</ShortName>
						<Index>2</Index>
					</Weekday>
					<Weekday>
						<Name>Wednesday</Name>
						<ShortName>Wed</ShortName>
						<Index>3</Index>
					</Weekday>
					<Weekday>
						<Name>Thursday</Name>
						<ShortName>Thu</ShortName>
						<Index>4</Index>
					</Weekday>
					<Weekday>
						<Name>Friday</Name>
						<ShortName>Fri</ShortName>
						<Index>5</Index>
					</Weekday>
					<Weekday>
						<Name>Saturday</Name>
						<ShortName>Sat</ShortName>
						<Index>6</Index>
					</Weekday>
				</Weekdays>
				<DateFormat>medium</DateFormat>
				<TimeFormat>24</TimeFormat>
				<DateFormatIncludeDayName>24</DateFormatIncludeDayName>
			</Calendar>
			<IsMandatory>0</IsMandatory>
			<SortOrder>0</SortOrder>
		</RangeProperty>
	</RangeProperties>
	<DefaultLayout>
		<LeftColumn><Array><ArrayItem type="string">Viewpoint</ArrayItem><ArrayItem type="string">Location</ArrayItem><ArrayItem type="string">Tags</ArrayItem></Array></LeftColumn>
		<RightColumn><Array><ArrayItem type="string">Participant</ArrayItem><ArrayItem type="string">Item</ArrayItem></Array></RightColumn>
	</DefaultLayout>
</Template>
