<?xml version="1.0" encoding="UTF-8"?>
<Template>
	<Name>yWriter</Name>
	<Types>
		<Type>
			<GUID>4B187570-EA36-4EDB-A02B-C5423A5CF850</GUID>
			<Name>Item</Name>
			<Icon>star</Icon>
			<Color>iconRed</Color>
			<Persistent>1</Persistent>
			<SortOrder>2</SortOrder>
			<Roles>
				<Role>
					<GUID>50476688-D3C4-4FC4-81CB-7CBC4205A257</GUID>
					<Name>Item</Name>
					<Icon>square filled</Icon>
					<MandatoryForEvent>0</MandatoryForEvent>
					<MandatoryForEntity>0</MandatoryForEntity>
					<AllowsMultipleForEvent>1</AllowsMultipleForEvent>
					<AllowsMultipleForEntity>1</AllowsMultipleForEntity>
					<AllowsPercentAllocated>0</AllowsPercentAllocated>
					<SortOrder>0</SortOrder>
				</Role>
			</Roles>
		</Type>
		<Type>
			<GUID>953102A0-F955-4054-8886-37DD10375496</GUID>
			<Name>Arc</Name>
			<Icon>book</Icon>
			<Color>iconYellow</Color>
			<Persistent>1</Persistent>
			<SortOrder>3</SortOrder>
			<Roles>
				<Role>
					<GUID>EB4340C8-52F7-46B3-BEB0-3517A619C8AC</GUID>
					<Name>Arc</Name>
					<Icon>circle text</Icon>
					<MandatoryForEvent>0</MandatoryForEvent>
					<MandatoryForEntity>0</MandatoryForEntity>
					<AllowsMultipleForEvent>1</AllowsMultipleForEvent>
					<AllowsMultipleForEntity>1</AllowsMultipleForEntity>
					<AllowsPercentAllocated>0</AllowsPercentAllocated>
					<SortOrder>0</SortOrder>
				</Role>
			</Roles>
		</Type>
		<Type>
			<GUID>ABC65F4C-16B2-4B65-8BE6-E9BBC9C85639</GUID>
			<Name>Character</Name>
			<Icon>person</Icon>
			<Color>iconRed</Color>
			<Persistent>0</Persistent>
			<SortOrder>0</SortOrder>
			<Roles>
				<Role>
					<GUID>1C77F82F-FA13-41BE-96AE-75BAE3EF764C</GUID>
					<Name>Participant</Name>
					<Icon>circle text</Icon>
					<MandatoryForEvent>0</MandatoryForEvent>
					<MandatoryForEntity>0</MandatoryForEntity>
					<AllowsMultipleForEvent>1</AllowsMultipleForEvent>
					<AllowsMultipleForEntity>1</AllowsMultipleForEntity>
					<AllowsPercentAllocated>0</AllowsPercentAllocated>
					<SortOrder>0</SortOrder>
				</Role>
			</Roles>
		</Type>
		<Type>
			<GUID>E4BC839F-6F02-437E-8D7C-B1C71396376D</GUID>
			<Name>Location</Name>
			<Icon>map</Icon>
			<Color>iconOrange</Color>
			<Persistent>1</Persistent>
			<SortOrder>1</SortOrder>
			<Roles>
				<Role>
					<GUID>88EB4DAD-CCB4-4E59-B5DA-9D870546B550</GUID>
					<Name>Location</Name>
					<Icon>circle text</Icon>
					<MandatoryForEvent>0</MandatoryForEvent>
					<MandatoryForEntity>0</MandatoryForEntity>
					<AllowsMultipleForEvent>1</AllowsMultipleForEvent>
					<AllowsMultipleForEntity>1</AllowsMultipleForEntity>
					<AllowsPercentAllocated>0</AllowsPercentAllocated>
					<SortOrder>0</SortOrder>
				</Role>
			</Roles>
		</Type>
	</Types>
	<Colors>
		<Color>
			<GUID>2226B3DA-108E-425F-8C30-2C3072A89596</GUID>
			<Name>Red</Name>
			<SwatchColor>red</SwatchColor>
			<SortOrder>0</SortOrder>
		</Color>
		<Color>
			<GUID>63B7313F-21C0-489D-8033-480214FD6C6F</GUID>
			<Name>Green</Name>
			<SwatchColor>apple</SwatchColor>
			<SortOrder>3</SortOrder>
		</Color>
		<Color>
			<GUID>649BDF94-27D2-482C-966E-BC1FED2B3E31</GUID>
			<Name>Orange</Name>
			<SwatchColor>orange</SwatchColor>
			<SortOrder>1</SortOrder>
		</Color>
		<Color>
			<GUID>C0548C62-04F2-40B4-A071-D5ACE7299F09</GUID>
			<Name>Blue</Name>
			<SwatchColor>midBlue</SwatchColor>
			<SortOrder>4</SortOrder>
		</Color>
		<Color>
			<GUID>C2358F8F-845B-40AC-94F6-B786D40F2DF4</GUID>
			<Name>Purple</Name>
			<SwatchColor>lightPurple</SwatchColor>
			<SortOrder>5</SortOrder>
		</Color>
		<Color>
			<GUID>C9DF72BB-1E69-44E9-8C2F-E10CD94513A4</GUID>
			<Name>Yellow</Name>
			<SwatchColor>yellow</SwatchColor>
			<SortOrder>2</SortOrder>
		</Color>
		<Color>
			<GUID>CE28E668-F884-418B-AD9C-6AABB4D5AA0C</GUID>
			<Name>Fuschia</Name>
			<SwatchColor>fuschia</SwatchColor>
			<SortOrder>7</SortOrder>
		</Color>
		<Color>
			<GUID>F03DF287-A348-40D0-BB96-CB675EA1431F</GUID>
			<Name>Pink</Name>
			<SwatchColor>darkPink</SwatchColor>
			<SortOrder>6</SortOrder>
		</Color>
	</Colors>
	<Properties>
		<Property>
			<GUID>85565552-27A0-44BE-A0F0-BCF035B052AD</GUID>
			<Name>Notes</Name>
			<Icon>tag</Icon>
			<Type>multitext</Type>
			<SortOrder>0</SortOrder>
			<CalculateFromChildren>0</CalculateFromChildren>
			<CalculationMode></CalculationMode>
			<UseForFadingEvents>0</UseForFadingEvents>
			<IsMandatory>0</IsMandatory>
		</Property>
		<Property>
			<GUID>B1BE2973-FE7F-4EFB-94CB-DE06419B203F</GUID>
			<Name>Description</Name>
			<Icon>tag</Icon>
			<Type>multitext</Type>
			<SortOrder>1</SortOrder>
			<CalculateFromChildren>0</CalculateFromChildren>
			<CalculationMode>default</CalculationMode>
			<UseForFadingEvents>0</UseForFadingEvents>
			<IsMandatory>0</IsMandatory>
		</Property>
	</Properties>
	<RangeProperties>
		<RangeProperty>
			<GUID>3E5A6186-B97B-4477-8BAB-2D7ED00A7020</GUID>
			<Name>Date</Name>
			<Type>date</Type>
			<MinUnitScale>hour</MinUnitScale>
			<MaxUnitScale>century</MaxUnitScale>
			<DefaultUnitScale>century</DefaultUnitScale>
			<Calendar>
				<Name>BC-AD Calendar</Name>
				<Notes></Notes>
				<WeekdayIndexAtZero>1</WeekdayIndexAtZero>
				<HoursInDay>24</HoursInDay>
				<ZeroDateTimestamp>345600</ZeroDateTimestamp>
				<DisplayType>Absolute</DisplayType>
				<Eras>
					<Era>
						<Name>BC</Name>
						<ShortName>BC</ShortName>
						<Index>0</Index>
						<Duration>9007199254740992</Duration>
						<IsBackwards>1</IsBackwards>
						<HasLeapYears>0</HasLeapYears>
					</Era>
					<Era>
						<Name>AD</Name>
						<ShortName>AD</ShortName>
						<Index>1</Index>
						<Duration>9007199254740992</Duration>
						<IsBackwards>0</IsBackwards>
						<HasLeapYears>1</HasLeapYears>
					</Era>
				</Eras>
				<Months>
					<Month>
						<Name>January</Name>
						<ShortName>Jan</ShortName>
						<Index>0</Index>
						<DurationInNormalYear>31</DurationInNormalYear>
						<DurationInLeapYear>31</DurationInLeapYear>
					</Month>
					<Month>
						<Name>February</Name>
						<ShortName>Feb</ShortName>
						<Index>1</Index>
						<DurationInNormalYear>28</DurationInNormalYear>
						<DurationInLeapYear>29</DurationInLeapYear>
					</Month>
					<Month>
						<Name>March</Name>
						<ShortName>Mar</ShortName>
						<Index>2</Index>
						<DurationInNormalYear>31</DurationInNormalYear>
						<DurationInLeapYear>31</DurationInLeapYear>
					</Month>
					<Month>
						<Name>April</Name>
						<ShortName>Apr</ShortName>
						<Index>3</Index>
						<DurationInNormalYear>30</DurationInNormalYear>
						<DurationInLeapYear>30</DurationInLeapYear>
					</Month>
					<Month>
						<Name>May</Name>
						<ShortName>May</ShortName>
						<Index>4</Index>
						<DurationInNormalYear>31</DurationInNormalYear>
						<DurationInLeapYear>31</DurationInLeapYear>
					</Month>
					<Month>
						<Name>June</Name>
						<ShortName>Jun</ShortName>
						<Index>5</Index>
						<DurationInNormalYear>30</DurationInNormalYear>
						<DurationInLeapYear>30</DurationInLeapYear>
					</Month>
					<Month>
						<Name>July</Name>
						<ShortName>Jul</ShortName>
						<Index>6</Index>
						<DurationInNormalYear>31</DurationInNormalYear>
						<DurationInLeapYear>31</DurationInLeapYear>
					</Month>
					<Month>
						<Name>August</Name>
						<ShortName>Aug</ShortName>
						<Index>7</Index>
						<DurationInNormalYear>31</DurationInNormalYear>
						<DurationInLeapYear>31</DurationInLeapYear>
					</Month>
					<Month>
						<Name>September</Name>
						<ShortName>Sep</ShortName>
						<Index>8</Index>
						<DurationInNormalYear>30</DurationInNormalYear>
						<DurationInLeapYear>30</DurationInLeapYear>
					</Month>
					<Month>
						<Name>October</Name>
						<ShortName>Oct</ShortName>
						<Index>9</Index>
						<DurationInNormalYear>31</DurationInNormalYear>
						<DurationInLeapYear>31</DurationInLeapYear>
					</Month>
					<Month>
						<Name>November</Name>
						<ShortName>Nov</ShortName>
						<Index>10</Index>
						<DurationInNormalYear>30</DurationInNormalYear>
						<DurationInLeapYear>30</DurationInLeapYear>
					</Month>
					<Month>
						<Name>December</Name>
						<ShortName>Dec</ShortName>
						<Index>11</Index>
						<DurationInNormalYear>31</DurationInNormalYear>
						<DurationInLeapYear>31</DurationInLeapYear>
					</Month>
				</Months>
				<Weekdays>
					<Weekday>
						<Name>Sunday</Name>
						<ShortName>Sun</ShortName>
						<Index>0</Index>
					</Weekday>
					<Weekday>
						<Name>Monday</Name>
						<ShortName>Mon</ShortName>
						<Index>1</Index>
					</Weekday>
					<Weekday>
						<Name>Tuesday</Name>
						<ShortName>Tue</ShortName>
						<Index>2</Index>
					</Weekday>
					<Weekday>
						<Name>Wednesday</Name>
						<ShortName>Wed</ShortName>
						<Index>3</Index>
					</Weekday>
					<Weekday>
						<Name>Thursday</Name>
						<ShortName>Thu</ShortName>
						<Index>4</Index>
					</Weekday>
					<Weekday>
						<Name>Friday</Name>
						<ShortName>Fri</ShortName>
						<Index>5</Index>
					</Weekday>
					<Weekday>
						<Name>Saturday</Name>
						<ShortName>Sat</ShortName>
						<Index>6</Index>
					</Weekday>
				</Weekdays>
				<DateFormat>medium</DateFormat>
				<TimeFormat>24</TimeFormat>
				<DateFormatIncludeDayName>24</DateFormatIncludeDayName>
			</Calendar>
			<IsMandatory>0</IsMandatory>
			<SortOrder>0</SortOrder>
		</RangeProperty>
	</RangeProperties>
	<DefaultLayout>
		<LeftColumn><Array><ArrayItem type="string">Viewpoint</ArrayItem><ArrayItem type="string">Location</ArrayItem><ArrayItem type="string">Tags</ArrayItem></Array></LeftColumn>
		<RightColumn><Array><ArrayItem type="string">Participant</ArrayItem><ArrayItem type="string">Item</ArrayItem><ArrayItem type="string">Scene</ArrayItem></Array></RightColumn>
	</DefaultLayout>
</Template>
