<?xml version="1.0" encoding="UTF-8"?>
<Template>
	<Name>yWriter German</Name>
	<Types>
		<Type>
			<GUID>0D4B85DE-3BC5-40A2-9E49-7758F34A3CAA</GUID>
			<Name>Character</Name>
			<Icon>person</Icon>
			<Color>iconRed</Color>
			<Persistent>0</Persistent>
			<SortOrder>0</SortOrder>
			<Roles>
				<Role>
					<GUID>9D6E15AA-45F4-4050-98E0-2A914B57C6FC</GUID>
					<Name>Participant</Name>
					<Icon>circle text</Icon>
					<MandatoryForEvent>0</MandatoryForEvent>
					<MandatoryForEntity>0</MandatoryForEntity>
					<AllowsMultipleForEvent>1</AllowsMultipleForEvent>
					<AllowsMultipleForEntity>1</AllowsMultipleForEntity>
					<AllowsPercentAllocated>0</AllowsPercentAllocated>
					<SortOrder>0</SortOrder>
				</Role>
			</Roles>
		</Type>
		<Type>
			<GUID>A3C611B0-9A76-42E4-8A2E-DA573255A2DF</GUID>
			<Name>Item</Name>
			<Icon>cube</Icon>
			<Color>iconPurple</Color>
			<Persistent>1</Persistent>
			<SortOrder>2</SortOrder>
			<Roles>
				<Role>
					<GUID>1F9F215E-9B60-471C-966F-EE6F70E0CAF9</GUID>
					<Name>Item</Name>
					<Icon>circle text</Icon>
					<MandatoryForEvent>0</MandatoryForEvent>
					<MandatoryForEntity>0</MandatoryForEntity>
					<AllowsMultipleForEvent>1</AllowsMultipleForEvent>
					<AllowsMultipleForEntity>1</AllowsMultipleForEntity>
					<AllowsPercentAllocated>0</AllowsPercentAllocated>
					<SortOrder>0</SortOrder>
				</Role>
			</Roles>
		</Type>
		<Type>
			<GUID>A6E73B3E-2322-4694-8DDB-275A5F72F4BD</GUID>
			<Name>Arc</Name>
			<Icon>book</Icon>
			<Color>iconYellow</Color>
			<Persistent>1</Persistent>
			<SortOrder>3</SortOrder>
			<Roles>
				<Role>
					<GUID>8975A450-231E-4195-8DE2-01581264220B</GUID>
					<Name>Arc</Name>
					<Icon>circle text</Icon>
					<MandatoryForEvent>0</MandatoryForEvent>
					<MandatoryForEntity>0</MandatoryForEntity>
					<AllowsMultipleForEvent>1</AllowsMultipleForEvent>
					<AllowsMultipleForEntity>1</AllowsMultipleForEntity>
					<AllowsPercentAllocated>0</AllowsPercentAllocated>
					<SortOrder>0</SortOrder>
				</Role>
			</Roles>
		</Type>
		<Type>
			<GUID>D7EC5A25-015B-460B-9565-06DB271B29B9</GUID>
			<Name>Location</Name>
			<Icon>map</Icon>
			<Color>iconOrange</Color>
			<Persistent>1</Persistent>
			<SortOrder>1</SortOrder>
			<Roles>
				<Role>
					<GUID>1A6B3BAE-F286-4109-91E7-4B6EB5F77647</GUID>
					<Name>Location</Name>
					<Icon>circle text</Icon>
					<MandatoryForEvent>0</MandatoryForEvent>
					<MandatoryForEntity>0</MandatoryForEntity>
					<AllowsMultipleForEvent>1</AllowsMultipleForEvent>
					<AllowsMultipleForEntity>1</AllowsMultipleForEntity>
					<AllowsPercentAllocated>0</AllowsPercentAllocated>
					<SortOrder>0</SortOrder>
				</Role>
			</Roles>
		</Type>
	</Types>
	<Colors>
		<Color>
			<GUID>360EC990-130A-4648-A912-588F86FC82EA</GUID>
			<Name>Purple</Name>
			<SwatchColor>lightPurple</SwatchColor>
			<SortOrder>5</SortOrder>
		</Color>
		<Color>
			<GUID>9BC87A9E-62C4-4FA0-939E-E148C6295FF4</GUID>
			<Name>Pink</Name>
			<SwatchColor>darkPink</SwatchColor>
			<SortOrder>6</SortOrder>
		</Color>
		<Color>
			<GUID>B945A587-B03E-4129-8C11-D5DB0D579D2D</GUID>
			<Name>Blue</Name>
			<SwatchColor>midBlue</SwatchColor>
			<SortOrder>4</SortOrder>
		</Color>
		<Color>
			<GUID>D0BD80BE-C281-4832-957F-E39473E4EC28</GUID>
			<Name>Red</Name>
			<SwatchColor>red</SwatchColor>
			<SortOrder>0</SortOrder>
		</Color>
		<Color>
			<GUID>E2A1E249-944C-4B38-88B8-34720EDE5BC5</GUID>
			<Name>Yellow</Name>
			<SwatchColor>yellow</SwatchColor>
			<SortOrder>2</SortOrder>
		</Color>
		<Color>
			<GUID>EA781197-6F39-4CF8-AB32-5FDB6DDEB487</GUID>
			<Name>Fuschia</Name>
			<SwatchColor>fuschia</SwatchColor>
			<SortOrder>7</SortOrder>
		</Color>
		<Color>
			<GUID>FDA9646B-0844-40F0-A6F1-A241CA9A4BDA</GUID>
			<Name>Green</Name>
			<SwatchColor>apple</SwatchColor>
			<SortOrder>3</SortOrder>
		</Color>
		<Color>
			<GUID>FFE6C270-CE46-43DA-9222-70E363AA8D16</GUID>
			<Name>Orange</Name>
			<SwatchColor>orange</SwatchColor>
			<SortOrder>1</SortOrder>
		</Color>
	</Colors>
	<Properties>
		<Property>
			<GUID>38AE847E-3132-4988-99DE-59D1E02EAFB0</GUID>
			<Name>Description</Name>
			<Icon>tag</Icon>
			<Type>multitext</Type>
			<SortOrder>1</SortOrder>
			<CalculateFromChildren>0</CalculateFromChildren>
			<CalculationMode>default</CalculationMode>
			<UseForFadingEvents>0</UseForFadingEvents>
			<IsMandatory>0</IsMandatory>
		</Property>
		<Property>
			<GUID>7161E25E-8357-49F2-8047-02C8A82F43DE</GUID>
			<Name>Notes</Name>
			<Icon>tag</Icon>
			<Type>multitext</Type>
			<SortOrder>0</SortOrder>
			<CalculateFromChildren>0</CalculateFromChildren>
			<CalculationMode></CalculationMode>
			<UseForFadingEvents>0</UseForFadingEvents>
			<IsMandatory>0</IsMandatory>
		</Property>
	</Properties>
	<RangeProperties>
		<RangeProperty>
			<GUID>E80EDA99-9B88-4C15-AD77-102BF4C7CC2A</GUID>
			<Name>Date</Name>
			<Type>date</Type>
			<MinUnitScale>hour</MinUnitScale>
			<MaxUnitScale>century</MaxUnitScale>
			<DefaultUnitScale>century</DefaultUnitScale>
			<Calendar>
				<Name>BC-AD Calendar</Name>
				<Notes></Notes>
				<WeekdayIndexAtZero>1</WeekdayIndexAtZero>
				<HoursInDay>24</HoursInDay>
				<ZeroDateTimestamp>345600</ZeroDateTimestamp>
				<DisplayType>Absolute</DisplayType>
				<Eras>
					<Era>
						<Name>BC</Name>
						<ShortName>BC</ShortName>
						<Index>0</Index>
						<Duration>9007199254740992</Duration>
						<IsBackwards>1</IsBackwards>
						<HasLeapYears>0</HasLeapYears>
					</Era>
					<Era>
						<Name>AD</Name>
						<ShortName>AD</ShortName>
						<Index>1</Index>
						<Duration>9007199254740992</Duration>
						<IsBackwards>0</IsBackwards>
						<HasLeapYears>1</HasLeapYears>
					</Era>
				</Eras>
				<Months>
					<Month>
						<Name>Januar</Name>
						<ShortName>Jan</ShortName>
						<Index>0</Index>
						<DurationInNormalYear>31</DurationInNormalYear>
						<DurationInLeapYear>31</DurationInLeapYear>
					</Month>
					<Month>
						<Name>Februar</Name>
						<ShortName>Feb</ShortName>
						<Index>1</Index>
						<DurationInNormalYear>28</DurationInNormalYear>
						<DurationInLeapYear>29</DurationInLeapYear>
					</Month>
					<Month>
						<Name>März</Name>
						<ShortName>Mär</ShortName>
						<Index>2</Index>
						<DurationInNormalYear>31</DurationInNormalYear>
						<DurationInLeapYear>31</DurationInLeapYear>
					</Month>
					<Month>
						<Name>April</Name>
						<ShortName>Apr</ShortName>
						<Index>3</Index>
						<DurationInNormalYear>30</DurationInNormalYear>
						<DurationInLeapYear>30</DurationInLeapYear>
					</Month>
					<Month>
						<Name>Mai</Name>
						<ShortName>Mai</ShortName>
						<Index>4</Index>
						<DurationInNormalYear>31</DurationInNormalYear>
						<DurationInLeapYear>31</DurationInLeapYear>
					</Month>
					<Month>
						<Name>Juni</Name>
						<ShortName>Jun</ShortName>
						<Index>5</Index>
						<DurationInNormalYear>30</DurationInNormalYear>
						<DurationInLeapYear>30</DurationInLeapYear>
					</Month>
					<Month>
						<Name>Juli</Name>
						<ShortName>Jul</ShortName>
						<Index>6</Index>
						<DurationInNormalYear>31</DurationInNormalYear>
						<DurationInLeapYear>31</DurationInLeapYear>
					</Month>
					<Month>
						<Name>August</Name>
						<ShortName>Aug</ShortName>
						<Index>7</Index>
						<DurationInNormalYear>31</DurationInNormalYear>
						<DurationInLeapYear>31</DurationInLeapYear>
					</Month>
					<Month>
						<Name>September</Name>
						<ShortName>Sep</ShortName>
						<Index>8</Index>
						<DurationInNormalYear>30</DurationInNormalYear>
						<DurationInLeapYear>30</DurationInLeapYear>
					</Month>
					<Month>
						<Name>Oktober</Name>
						<ShortName>Okt</ShortName>
						<Index>9</Index>
						<DurationInNormalYear>31</DurationInNormalYear>
						<DurationInLeapYear>31</DurationInLeapYear>
					</Month>
					<Month>
						<Name>November</Name>
						<ShortName>Nov</ShortName>
						<Index>10</Index>
						<DurationInNormalYear>30</DurationInNormalYear>
						<DurationInLeapYear>30</DurationInLeapYear>
					</Month>
					<Month>
						<Name>Dezember</Name>
						<ShortName>Dez</ShortName>
						<Index>11</Index>
						<DurationInNormalYear>31</DurationInNormalYear>
						<DurationInLeapYear>31</DurationInLeapYear>
					</Month>
				</Months>
				<Weekdays>
					<Weekday>
						<Name>Sonntag</Name>
						<ShortName>Son</ShortName>
						<Index>0</Index>
					</Weekday>
					<Weekday>
						<Name>Montag</Name>
						<ShortName>Mon</ShortName>
						<Index>1</Index>
					</Weekday>
					<Weekday>
						<Name>Dienstag</Name>
						<ShortName>Die</ShortName>
						<Index>2</Index>
					</Weekday>
					<Weekday>
						<Name>Mittwoch</Name>
						<ShortName>Mit</ShortName>
						<Index>3</Index>
					</Weekday>
					<Weekday>
						<Name>Donnerstag</Name>
						<ShortName>Don</ShortName>
						<Index>4</Index>
					</Weekday>
					<Weekday>
						<Name>Freitag</Name>
						<ShortName>Fre</ShortName>
						<Index>5</Index>
					</Weekday>
					<Weekday>
						<Name>Samstag</Name>
						<ShortName>Sam</ShortName>
						<Index>6</Index>
					</Weekday>
				</Weekdays>
				<DateFormat>medium</DateFormat>
				<TimeFormat>24</TimeFormat>
				<DateFormatIncludeDayName>24</DateFormatIncludeDayName>
			</Calendar>
			<IsMandatory>0</IsMandatory>
			<SortOrder>0</SortOrder>
		</RangeProperty>
	</RangeProperties>
	<DefaultLayout>
		<LeftColumn><Array><ArrayItem type="string">Viewpoint</ArrayItem><ArrayItem type="string">Location</ArrayItem><ArrayItem type="string">Tags</ArrayItem></Array></LeftColumn>
		<RightColumn><Array><ArrayItem type="string">Participant</ArrayItem><ArrayItem type="string">Item</ArrayItem><ArrayItem type="string">Scene</ArrayItem></Array></RightColumn>
	</DefaultLayout>
</Template>
