<?xml version="1.0" encoding="UTF-8"?>
<Template>
	<Name>yWriter German</Name>
	<Types>
		<Type>
			<GUID>434BB7F0-40EB-40AF-A5BA-BE37D4649165</GUID>
			<Name>Arc</Name>
			<Icon>book</Icon>
			<Color>iconYellow</Color>
			<Persistent>1</Persistent>
			<SortOrder>3</SortOrder>
			<Roles>
				<Role>
					<GUID>8E25D96A-E192-43C2-9AC2-7F5362788744</GUID>
					<Name>Arc</Name>
					<Icon>circle text</Icon>
					<MandatoryForEvent>0</MandatoryForEvent>
					<MandatoryForEntity>0</MandatoryForEntity>
					<AllowsMultipleForEvent>1</AllowsMultipleForEvent>
					<AllowsMultipleForEntity>1</AllowsMultipleForEntity>
					<AllowsPercentAllocated>0</AllowsPercentAllocated>
					<SortOrder>0</SortOrder>
				</Role>
			</Roles>
		</Type>
		<Type>
			<GUID>5609141F-B561-4573-AFB8-574F71F981EB</GUID>
			<Name>Character</Name>
			<Icon>person</Icon>
			<Color>iconRed</Color>
			<Persistent>0</Persistent>
			<SortOrder>0</SortOrder>
			<Roles>
				<Role>
					<GUID>32F44554-B1D0-4536-9014-E735D1E343D4</GUID>
					<Name>Participant</Name>
					<Icon>circle text</Icon>
					<MandatoryForEvent>0</MandatoryForEvent>
					<MandatoryForEntity>0</MandatoryForEntity>
					<AllowsMultipleForEvent>1</AllowsMultipleForEvent>
					<AllowsMultipleForEntity>1</AllowsMultipleForEntity>
					<AllowsPercentAllocated>0</AllowsPercentAllocated>
					<SortOrder>0</SortOrder>
				</Role>
			</Roles>
		</Type>
		<Type>
			<GUID>AF92844D-6290-4B25-A7AC-6CD10F7531BF</GUID>
			<Name>Item</Name>
			<Icon>star</Icon>
			<Color>iconRed</Color>
			<Persistent>1</Persistent>
			<SortOrder>2</SortOrder>
			<Roles>
				<Role>
					<GUID>7E144348-885E-4E69-8971-7E12B682DDC4</GUID>
					<Name>Item</Name>
					<Icon>square filled</Icon>
					<MandatoryForEvent>0</MandatoryForEvent>
					<MandatoryForEntity>0</MandatoryForEntity>
					<AllowsMultipleForEvent>1</AllowsMultipleForEvent>
					<AllowsMultipleForEntity>1</AllowsMultipleForEntity>
					<AllowsPercentAllocated>0</AllowsPercentAllocated>
					<SortOrder>0</SortOrder>
				</Role>
			</Roles>
		</Type>
		<Type>
			<GUID>DDD80EBD-D980-4C26-8E6C-A863CB54BB42</GUID>
			<Name>Location</Name>
			<Icon>map</Icon>
			<Color>iconOrange</Color>
			<Persistent>1</Persistent>
			<SortOrder>1</SortOrder>
			<Roles>
				<Role>
					<GUID>067BB288-EC45-49EC-91D0-AA62CDF445ED</GUID>
					<Name>Location</Name>
					<Icon>circle text</Icon>
					<MandatoryForEvent>0</MandatoryForEvent>
					<MandatoryForEntity>0</MandatoryForEntity>
					<AllowsMultipleForEvent>1</AllowsMultipleForEvent>
					<AllowsMultipleForEntity>1</AllowsMultipleForEntity>
					<AllowsPercentAllocated>0</AllowsPercentAllocated>
					<SortOrder>0</SortOrder>
				</Role>
			</Roles>
		</Type>
	</Types>
	<Colors>
		<Color>
			<GUID>00AF0DC3-19DB-4EEE-8B4F-57D9A01DE761</GUID>
			<Name>Purple</Name>
			<SwatchColor>lightPurple</SwatchColor>
			<SortOrder>5</SortOrder>
		</Color>
		<Color>
			<GUID>37A1EDBC-87E8-4C22-9468-C1414A7696DA</GUID>
			<Name>Red</Name>
			<SwatchColor>red</SwatchColor>
			<SortOrder>0</SortOrder>
		</Color>
		<Color>
			<GUID>7A1FCAE1-AF8E-4373-8730-F49CDDD3E154</GUID>
			<Name>Orange</Name>
			<SwatchColor>orange</SwatchColor>
			<SortOrder>1</SortOrder>
		</Color>
		<Color>
			<GUID>8016E7AC-7B9E-4AA4-A548-8A34E9143E28</GUID>
			<Name>Pink</Name>
			<SwatchColor>darkPink</SwatchColor>
			<SortOrder>6</SortOrder>
		</Color>
		<Color>
			<GUID>B4F2E91E-4C8E-471D-ACE7-74A1EB5D102F</GUID>
			<Name>Green</Name>
			<SwatchColor>apple</SwatchColor>
			<SortOrder>3</SortOrder>
		</Color>
		<Color>
			<GUID>E0490C8B-D679-4DA7-B0BB-8185E66D39A3</GUID>
			<Name>Blue</Name>
			<SwatchColor>midBlue</SwatchColor>
			<SortOrder>4</SortOrder>
		</Color>
		<Color>
			<GUID>EBD547B4-FEAB-41F3-8019-0B7752320741</GUID>
			<Name>Fuschia</Name>
			<SwatchColor>fuschia</SwatchColor>
			<SortOrder>7</SortOrder>
		</Color>
		<Color>
			<GUID>F53C2A36-F1D6-48C6-A2B9-1BE672A48C01</GUID>
			<Name>Yellow</Name>
			<SwatchColor>yellow</SwatchColor>
			<SortOrder>2</SortOrder>
		</Color>
	</Colors>
	<Properties>
		<Property>
			<GUID>94A3EF9B-D1EA-45BB-88F6-5BCCA7BC2DE7</GUID>
			<Name>Notes</Name>
			<Icon>tag</Icon>
			<Type>multitext</Type>
			<SortOrder>0</SortOrder>
			<CalculateFromChildren>0</CalculateFromChildren>
			<CalculationMode></CalculationMode>
			<UseForFadingEvents>0</UseForFadingEvents>
			<IsMandatory>0</IsMandatory>
		</Property>
		<Property>
			<GUID>C94832FB-0AFA-4DD5-AE04-AAA8FC92797E</GUID>
			<Name>Description</Name>
			<Icon>tag</Icon>
			<Type>multitext</Type>
			<SortOrder>1</SortOrder>
			<CalculateFromChildren>0</CalculateFromChildren>
			<CalculationMode>default</CalculationMode>
			<UseForFadingEvents>0</UseForFadingEvents>
			<IsMandatory>0</IsMandatory>
		</Property>
	</Properties>
	<RangeProperties>
		<RangeProperty>
			<GUID>6170B438-E045-473E-9C04-C7F95E1067B2</GUID>
			<Name>Date</Name>
			<Type>date</Type>
			<MinUnitScale>hour</MinUnitScale>
			<MaxUnitScale>century</MaxUnitScale>
			<DefaultUnitScale>century</DefaultUnitScale>
			<Calendar>
				<Name>BC-AD Calendar</Name>
				<Notes></Notes>
				<WeekdayIndexAtZero>1</WeekdayIndexAtZero>
				<HoursInDay>24</HoursInDay>
				<ZeroDateTimestamp>345600</ZeroDateTimestamp>
				<DisplayType>Absolute</DisplayType>
				<Eras>
					<Era>
						<Name>BC</Name>
						<ShortName>BC</ShortName>
						<Index>0</Index>
						<Duration>9007199254740992</Duration>
						<IsBackwards>1</IsBackwards>
						<HasLeapYears>0</HasLeapYears>
					</Era>
					<Era>
						<Name>AD</Name>
						<ShortName>AD</ShortName>
						<Index>1</Index>
						<Duration>9007199254740992</Duration>
						<IsBackwards>0</IsBackwards>
						<HasLeapYears>1</HasLeapYears>
					</Era>
				</Eras>
				<Months>
					<Month>
						<Name>Januar</Name>
						<ShortName>Jan</ShortName>
						<Index>0</Index>
						<DurationInNormalYear>31</DurationInNormalYear>
						<DurationInLeapYear>31</DurationInLeapYear>
					</Month>
					<Month>
						<Name>Februar</Name>
						<ShortName>Feb</ShortName>
						<Index>1</Index>
						<DurationInNormalYear>28</DurationInNormalYear>
						<DurationInLeapYear>29</DurationInLeapYear>
					</Month>
					<Month>
						<Name>März</Name>
						<ShortName>Mär</ShortName>
						<Index>2</Index>
						<DurationInNormalYear>31</DurationInNormalYear>
						<DurationInLeapYear>31</DurationInLeapYear>
					</Month>
					<Month>
						<Name>April</Name>
						<ShortName>Apr</ShortName>
						<Index>3</Index>
						<DurationInNormalYear>30</DurationInNormalYear>
						<DurationInLeapYear>30</DurationInLeapYear>
					</Month>
					<Month>
						<Name>Mai</Name>
						<ShortName>Mai</ShortName>
						<Index>4</Index>
						<DurationInNormalYear>31</DurationInNormalYear>
						<DurationInLeapYear>31</DurationInLeapYear>
					</Month>
					<Month>
						<Name>Juni</Name>
						<ShortName>Jun</ShortName>
						<Index>5</Index>
						<DurationInNormalYear>30</DurationInNormalYear>
						<DurationInLeapYear>30</DurationInLeapYear>
					</Month>
					<Month>
						<Name>Juli</Name>
						<ShortName>Jul</ShortName>
						<Index>6</Index>
						<DurationInNormalYear>31</DurationInNormalYear>
						<DurationInLeapYear>31</DurationInLeapYear>
					</Month>
					<Month>
						<Name>August</Name>
						<ShortName>Aug</ShortName>
						<Index>7</Index>
						<DurationInNormalYear>31</DurationInNormalYear>
						<DurationInLeapYear>31</DurationInLeapYear>
					</Month>
					<Month>
						<Name>September</Name>
						<ShortName>Sep</ShortName>
						<Index>8</Index>
						<DurationInNormalYear>30</DurationInNormalYear>
						<DurationInLeapYear>30</DurationInLeapYear>
					</Month>
					<Month>
						<Name>Oktober</Name>
						<ShortName>Okt</ShortName>
						<Index>9</Index>
						<DurationInNormalYear>31</DurationInNormalYear>
						<DurationInLeapYear>31</DurationInLeapYear>
					</Month>
					<Month>
						<Name>November</Name>
						<ShortName>Nov</ShortName>
						<Index>10</Index>
						<DurationInNormalYear>30</DurationInNormalYear>
						<DurationInLeapYear>30</DurationInLeapYear>
					</Month>
					<Month>
						<Name>Dezember</Name>
						<ShortName>Dez</ShortName>
						<Index>11</Index>
						<DurationInNormalYear>31</DurationInNormalYear>
						<DurationInLeapYear>31</DurationInLeapYear>
					</Month>
				</Months>
				<Weekdays>
					<Weekday>
						<Name>Sonntag</Name>
						<ShortName>Son</ShortName>
						<Index>0</Index>
					</Weekday>
					<Weekday>
						<Name>Montag</Name>
						<ShortName>Mon</ShortName>
						<Index>1</Index>
					</Weekday>
					<Weekday>
						<Name>Dienstag</Name>
						<ShortName>Die</ShortName>
						<Index>2</Index>
					</Weekday>
					<Weekday>
						<Name>Mittwoch</Name>
						<ShortName>Mit</ShortName>
						<Index>3</Index>
					</Weekday>
					<Weekday>
						<Name>Donnerstag</Name>
						<ShortName>Don</ShortName>
						<Index>4</Index>
					</Weekday>
					<Weekday>
						<Name>Freitag</Name>
						<ShortName>Fre</ShortName>
						<Index>5</Index>
					</Weekday>
					<Weekday>
						<Name>Samstag</Name>
						<ShortName>Sam</ShortName>
						<Index>6</Index>
					</Weekday>
				</Weekdays>
				<DateFormat>medium</DateFormat>
				<TimeFormat>24</TimeFormat>
				<DateFormatIncludeDayName>24</DateFormatIncludeDayName>
			</Calendar>
			<IsMandatory>0</IsMandatory>
			<SortOrder>0</SortOrder>
		</RangeProperty>
	</RangeProperties>
	<DefaultLayout>
		<LeftColumn><Array><ArrayItem type="string">Viewpoint</ArrayItem><ArrayItem type="string">Location</ArrayItem><ArrayItem type="string">Tags</ArrayItem></Array></LeftColumn>
		<RightColumn><Array><ArrayItem type="string">Participant</ArrayItem><ArrayItem type="string">Item</ArrayItem><ArrayItem type="string">Scene</ArrayItem></Array></RightColumn>
	</DefaultLayout>
</Template>
